member	input	bytes	base_L4	armA_L4	armB_L4	base_L5	armA_L5	armB_L5
access.log	26214398	2857413	2887488	2887257	2802590	2806746	2807578
data.json	14215394	1736197	1749088	1750233	1637948	1642642	1643008
data.sqlite	48308224	14804403	14813482	14814655	12342083	12320816	12323247
minjs.min.js	3598158	1129252	1132379	1133276	1101520	1098884	1098947
sil40	40000000	15852476	15904725	15907072	15622030	15643289	15649708
tool.bin	62480352	21400590	21447139	21451065	20965916	20981606	20981218
weights.safetensors	269060552	213295620	211475728	212155578	214639725	211742853	212350231
text-1MB	1048576	414843	419521	419521	406919	407372	408017
movie.mp4	12942257	12891391	12891369	12891486	12889949	12890004	12890004
photo.jpg	6511067	6473476	6473476	6473476	6472387	6472583	6472583
aozora.txt	12003648	4197277	4231460	4231460	4136911	4136584	4137035
armexe.elf	1176560	586728	588174	587764	575419	578984	578863
ecoli.fastq	26214271	4568588	4576328	4576856	4535731	4529825	4529759
markup.xml	7974912	2261494	2298273	2298462	2211607	2216152	2220696
monorepo.tar	50915328	10337816	10350157	10350508	10130980	10105174	10106614
winexe.exe	4060672	1551013	1555205	1555379	1516999	1532867	1533125
